카테고리,분류,제품명,파일명(slug),링크 또는 이미지파일명(들)
배드민턴,라켓,Astrox 99 Pro (아스트록스 99 프로),astrox-99-pro,
배드민턴,라켓,Astrox 99 Game (아스트록스 99 게임),astrox-99-game,
배드민턴,라켓,Astrox 100ZZ VA (아스트록스 100지지 브이에이),astrox-100zz-va,
배드민턴,라켓,Astrox 88S Pro (아스트록스 88 에스 프로),astrox-88s-pro,
배드민턴,라켓,Astrox 88S Game (아스트록스 88 에스 게임),astrox-88s-game,
배드민턴,라켓,Astrox 88D Pro (아스트록스 88 디 프로),astrox-88d-pro,
배드민턴,라켓,Astrox 88D Game (아스트록스 88 디 게임),astrox-88d-game,
배드민턴,라켓,Astrox 77 Pro (아스트록스 77 프로),astrox-77-pro,
배드민턴,라켓,Astrox Nextage (아스트록스 넥스테이지),astrox-nextage,
배드민턴,라켓,Astrox 11 (아스트록스 11),astrox-11,
배드민턴,라켓,Astrox 22 LT (아스트록스 22 엘티),astrox-22-lt,
배드민턴,라켓,Arcsaber 11 Pro (아크세이버 11 프로),arcsaber-11-pro,
배드민턴,라켓,Arcsaber 7 Pro (아크세이버 7 프로),arcsaber-7-pro,
배드민턴,라켓,Arcsaber X7 (아크세이버 엑스7),arcsaber-x7,
배드민턴,라켓,Arcsaber 1 (아크세이버 1),arcsaber-1,
배드민턴,라켓,Nanoflare 1000 Z (나노플레어 1000 지),nanoflare-1000-z,
배드민턴,라켓,Nanoflare 800 Pro (나노플레어 800 프로),nanoflare-800-pro,
배드민턴,라켓,Nanoflare 700 Pro (나노플레어 700 프로),nanoflare-700-pro,
배드민턴,라켓,Nanoflare Nextage (나노플레어 넥스테이지),nanoflare-nextage,
배드민턴,라켓,Nanoflare X7 (나노플레어 엑스7),nanoflare-x7,
배드민턴,라켓,Nanoflare X5 (나노플레어 엑스5),nanoflare-x5,
배드민턴,라켓,Nanoflare 555 (나노플레어 555),nanoflare-555,
배드민턴,라켓,Nanoflare 001 Ability (나노플레어 001 어빌리티),nanoflare-001-ability,
배드민턴,라켓,Nanoflare 001 Clear (나노플레어 001 클리어),nanoflare-001-clear,
배드민턴,라켓,Nanoflare 001 Feel (나노플레어 001 필),nanoflare-001-feel,
배드민턴,라켓,Astrox 01 Ability (아스트록스 01 어빌리티),astrox-01-ability,
배드민턴,라켓,Astrox 01 Clear (아스트록스 01 클리어),astrox-01-clear,
배드민턴,라켓,Astrox 01 Feel (아스트록스 01 필),astrox-01-feel,
배드민턴,라켓,Muscle Power 2 Junior (엠피 투 주니어),muscle-power-2-junior,
배드민턴,라켓,B 4000 (비 4000),b-4000,
배드민턴,스트링,Exbolt 68 (엑스볼트 68),exbolt-68,
배드민턴,스트링,Exbolt 65 (엑스볼트 65),exbolt-65,
배드민턴,스트링,Exbolt 63 (엑스볼트 63),exbolt-63,
배드민턴,스트링,BG80 (비지80),bg80,
배드민턴,스트링,BG80 Power (비지80 파워),bg80-power,
배드민턴,스트링,BG66 Ultimax (비지66 울티맥스),bg66-ultimax,
배드민턴,스트링,Aerobite (에어로바이트),aerobite,
배드민턴,스트링,Aerobite Boost (에어로바이트 부스트),aerobite-boost,
배드민턴,스트링,Skyarc (스카이아크),skyarc,
배드민턴,스트링,Aerosonic (에어로소닉),aerosonic,
배드민턴,셔틀콕,Aerosensa 50 (에어로센사 50),aerosensa-50,
배드민턴,셔틀콕,Aerosensa 30 (에어로센사 30),aerosensa-30,
배드민턴,셔틀콕,Aerosensa 20 (에어로센사 20),aerosensa-20,
배드민턴,셔틀콕,Aerosensa 10 (에어로센사 10),aerosensa-10,
배드민턴,셔틀콕,Aeroclear K1 (에어로클리어 케이원),aeroclear-k1,
배드민턴,셔틀콕,Mavis 2000 (마비스 2000),mavis-2000,
배드민턴,셔틀콕,Mavis 350 (마비스 350),mavis-350,
배드민턴,셔틀콕,Mavis 200 (마비스 200),mavis-200,
배드민턴,셔틀콕,Mavis Field II (마비스 필드 투),mavis-field-ii,
배드민턴,신발,Subaxia GT Men (서박시아 쥐티 맨),subaxia-gt-men,
배드민턴,신발,Subaxia GT Women (서박시아 쥐티 우먼),subaxia-gt-women,
배드민턴,신발,Subaxia GT Wide (서박시아 쥐티 와이드),subaxia-gt-wide,
배드민턴,신발,Power Cushion Aerus Z Men (파워 쿠션 에어러스 지 맨),power-cushion-aerus-z-men,
배드민턴,신발,Power Cushion Aerus Z Women (파워 쿠션 에어러스 지 우먼),power-cushion-aerus-z-women,
배드민턴,신발,Power Cushion Aerus Z Wide (파워 쿠션 에어러스 지 와이드),power-cushion-aerus-z-wide,
배드민턴,신발,Power Cushion Eclipsion Z (파워 쿠션 이클립션 지),power-cushion-eclipsion-z,
배드민턴,신발,Power Cushion Eclipsion Z Women (파워 쿠션 이클립션 지 우먼),power-cushion-eclipsion-z-women,
배드민턴,신발,Power Cushion Eclipsion Z Wide (파워 쿠션 이클립션 지 와이드),power-cushion-eclipsion-z-wide,
배드민턴,신발,Power Cushion 65 Z Men (파워 쿠션 65 지 맨),power-cushion-65-z-men,
배드민턴,신발,Power Cushion 65 Z Women (파워 쿠션 65 지 우먼),power-cushion-65-z-women,
배드민턴,신발,Power Cushion 65 Z Wide (파워 쿠션 65 지 와이드),power-cushion-65-z-wide,
배드민턴,신발,Power Cushion 65 Z VA Men (파워 쿠션 65 지 브이에이 맨),power-cushion-65-z-va-men,
배드민턴,신발,Power Cushion 65 Z VA Women (파워 쿠션 65 지 브이에이 우먼),power-cushion-65-z-va-women,
배드민턴,신발,Power Cushion 65 Z VA Wide (파워 쿠션 65 지 브이에이 와이드),power-cushion-65-z-va-wide,
배드민턴,신발,Power Cushion 65 X (파워 쿠션 65 엑스),power-cushion-65-x,
배드민턴,신발,Power Cushion 65 X VA (파워 쿠션 65 엑스 브이에이),power-cushion-65-x-va,
배드민턴,신발,Power Cushion 88 Dial (파워 쿠션 88 다이얼),power-cushion-88-dial,
배드민턴,신발,Power Cushion 88 Dial Wide (파워 쿠션 88 다이얼 와이드),power-cushion-88-dial-wide,
배드민턴,신발,Power Cushion Cascade Drive (파워 쿠션 캐스케이드 드라이브),power-cushion-cascade-drive,
배드민턴,신발,Power Cushion Cascade Accel (파워 쿠션 캐스케이드 엑셀),power-cushion-cascade-accel,
배드민턴,신발,Power Cushion Cascade Accel Wide (파워 쿠션 캐스케이드 엑셀 와이드),power-cushion-cascade-accel-wide,
배드민턴,신발,Power Cushion Strider Beat (파워 쿠션 스트라이더 비트),power-cushion-strider-beat,
배드민턴,신발,Power Cushion Strider Flow (파워 쿠션 스트라이더 플로우),power-cushion-strider-flow,
배드민턴,신발,Power Cushion Strider Ray (파워 쿠션 스트라이더 레이),power-cushion-strider-ray,
배드민턴,신발,Power Cushion Strider Ray Wide (파워 쿠션 스트라이더 레이 와이드),power-cushion-strider-ray-wide,
테니스,라켓,Vcore 98 (브이코어 98),vcore-98,
테니스,라켓,Vcore 100 (브이코어 100),vcore-100,
테니스,라켓,Vcore 95 (브이코어 95),vcore-95,
테니스,라켓,Vcore 98 Tour (브이코어 98 투어),vcore-98-tour,
테니스,라켓,Vcore 100+ (브이코어 100 플러스),vcore-100-plus,
테니스,라켓,Vcore 98+ (브이코어 98 플러스),vcore-98-plus,
테니스,라켓,Vcore 100D (브이코어 100 디),vcore-100d,
테니스,라켓,Vcore α (Alpha) (브이코어 알파),vcore-alpha,
테니스,라켓,Vcore ACE (브이코어 에이스),vcore-ace,
테니스,라켓,Vcore Play (브이코어 플레이),vcore-play,
테니스,라켓,Percept 97 (퍼셉트 97),percept-97,
테니스,라켓,Percept 100 (퍼셉트 100),percept-100,
테니스,라켓,Percept 97D (퍼셉트 97디),percept-97d,
테니스,라켓,Percept 100D (퍼셉트 100디),percept-100d,
테니스,라켓,Percept 97L (퍼셉트 97엘),percept-97l,
테니스,라켓,Percept 100L (퍼셉트 100엘),percept-100l,
테니스,라켓,Percept Game (퍼셉트 게임),percept-game,
테니스,라켓,Ezone 98 (이존 98),ezone-98,
테니스,라켓,Ezone 100 (이존 100),ezone-100,
테니스,라켓,Ezone 105 (이존 105),ezone-105,
테니스,라켓,Ezone 110 (이존 110),ezone-110,
테니스,라켓,Ezone 115 (이존 115),ezone-115,
테니스,라켓,Ezone α (이존 알파),ezone-alpha,
테니스,라켓,Ezone αL (이존 알파 엘),ezone-alpha-l,
테니스,라켓,Ezone αSL (이존 알파 에스엘),ezone-alpha-sl,
테니스,라켓,Ezone ACE (이존 에이스),ezone-ace,
테니스,라켓,Ezone Play (이존 플레이),ezone-play,
테니스,라켓,Astrel 100 (아스트렐 100),astrel-100,
테니스,라켓,Astrel 105 (아스트렐 105),astrel-105,
테니스,라켓,Astrel 120 (아스트렐 120),astrel-120,
테니스,라켓,Smash Team (스매시 팀),smash-team,
테니스,스트링,Polytour Pro (폴리투어 프로),polytour-pro,
테니스,스트링,Polytour Rev (폴리투어 레브),polytour-rev,
테니스,스트링,Polytour Fire (폴리투어 파이어),polytour-fire,
테니스,스트링,Polytour Force (폴리투어 포스),polytour-force,
테니스,스트링,Polytour Spin (폴리투어 스핀),polytour-spin,
테니스,스트링,Polytour Air (폴리투어 에어),polytour-air,
테니스,스트링,Rexis Feel (렉시스 필),rexis-feel,
테니스,스트링,Rexis Comfort (렉시스 컴포트),rexis-comfort,
테니스,스트링,Rexis Speed (렉시스 스피드),rexis-speed,
테니스,신발,Power Cushion Eclipsion 5 (파워 쿠션 이클립션 5),power-cushion-eclipsion-5,
테니스,신발,Power Cushion Eclipsion 5 Clay (파워 쿠션 이클립션 5 클레이),power-cushion-eclipsion-5-clay,
테니스,신발,Power Cushion Eclipsion 5 Women (파워 쿠션 이클립션 5 우먼),power-cushion-eclipsion-5-women,
테니스,신발,Power Cushion Eclipsion 5 Clay Women (파워 쿠션 이클립션 5 클레이 우먼),power-cushion-eclipsion-5-clay-women,
테니스,신발,Power Cushion AD-Accel (파워 쿠션 에이디 엑셀),power-cushion-ad-accel,
테니스,신발,Power Cushion AD-Accel Clay (파워 쿠션 에이디 엑셀 클레이),power-cushion-ad-accel-clay,
테니스,신발,Power Cushion AD-Accel Women (파워 쿠션 에이디 엑셀 우먼),power-cushion-ad-accel-women,
테니스,신발,Power Cushion AD-Accel Clay Women (파워 쿠션 에이디 엑셀 클레이 우먼),power-cushion-ad-accel-clay-women,
테니스,신발,Power Cushion AD-Accel Wide (파워 쿠션 에이디 엑셀 와이드),power-cushion-ad-accel-wide,
테니스,신발,Power Cushion Sonicage (파워 쿠션 소니케이지),power-cushion-sonicage,
테니스,신발,Power Cushion Sonicage Clay (파워 쿠션 소니케이지 클레이),power-cushion-sonicage-clay,
테니스,신발,Power Cushion Sonicage Women (파워 쿠션 소니케이지 우먼),power-cushion-sonicage-women,
테니스,신발,Power Cushion Sonicage Clay Women (파워 쿠션 소니케이지 클레이 우먼),power-cushion-sonicage-clay-women,
테니스,신발,Power Cushion Sonicage Wide (파워 쿠션 소니케이지 와이드),power-cushion-sonicage-wide,
테니스,신발,Power Cushion Pro-Move Classic (파워 쿠션 프로-무브 클래식),power-cushion-pro-move-classic,
테니스,신발,Power Cushion Pro-Move Classic Wide (파워 쿠션 프로-무브 클래식 와이드),power-cushion-pro-move-classic-wide,
테니스,신발,Power Cushion Pro-Move Classic Clay (파워 쿠션 프로-무브 클래식 클레이),power-cushion-pro-move-classic-clay,
테니스,테니스공,Tour Platinum (투어 플래티넘),tour-platinum,
테니스,테니스공,Tour (투어),tour,
테니스,테니스공,Championship (챔피언십),championship,
테니스,테니스공,NP (연습볼) (연습볼),np,
정구,라켓,Voltrage 8S (볼트레이지 8에스),voltrage-8s,
정구,라켓,Voltrage 8V (볼트레이지 8브이),voltrage-8v,
정구,라켓,Voltrage 7 Versus (볼트레이지 7 버서스),voltrage-7-versus,
정구,라켓,Voltrage 7S (볼트레이지 7에스),voltrage-7s,
정구,라켓,Voltrage 7V (볼트레이지 7브이),voltrage-7v,
정구,라켓,Voltrage 5 Versus (볼트레이지 5 버서스),voltrage-5-versus,
정구,라켓,Voltrage 5S (볼트레이지 5에스),voltrage-5s,
정구,라켓,Voltrage 5V (볼트레이지 5브이),voltrage-5v,
정구,라켓,Geobreak 70 Versus (지오브레이크 70 버서스),geobreak-70-versus,
정구,라켓,Geobreak 70S (지오브레이크 70에스),geobreak-70s,
정구,라켓,Geobreak 70V (지오브레이크 70브이),geobreak-70v,
정구,라켓,Nanoforce 8V Rev (나노포스 8브이 레브),nanoforce-8v-rev,
정구,라켓,Airide (에어라이드),airide,
정구,스트링,Cyber Natural Sharp (사이버 내츄럴 샤프),cyber-natural-sharp,
정구,스트링,Poly Action 125 (폴리액션 125),poly-action-125,
정구,스트링,Poly Action Pro (폴리액션 프로),poly-action-pro,
액세서리,그립,Super Grap (3EA) (슈퍼 그립 (3개입)),super-grap-3ea,
액세서리,그립,Super Grap (12EA) (슈퍼 그립 (12개입)),super-grap-12ea,
액세서리,그립,Super Grap (30EA) (슈퍼 그립 (30개입)),super-grap-30ea,
액세서리,그립,Super Grap Pure (슈퍼 그립 퓨어),super-grap-pure,
액세서리,그립,Super Grap Premium (30EA) (슈퍼 그립 프리미엄 (30개입)),super-grap-premium-30ea,
액세서리,그립,Dry Grap (3EA) (드라이 그립 (3개입)),dry-grap-3ea,
액세서리,그립,Dry Grap (30EA) (드라이 그립 (30개입)),dry-grap-30ea,
액세서리,그립,Wave Grap Pure (웨이브 그립 퓨어),wave-grap-pure,
액세서리,그립,Strong Grap (스트롱 그립),strong-grap,
액세서리,그립,Towel Grap (타월 그립),towel-grap,
액세서리,그립,Clean Grap (클린 그립),clean-grap,
액세서리,그립,Synthetic Leather Grap (합성 가죽 그립),synthetic-leather-grap,
액세서리,그립,Premium Leather Grap (프리미엄 가죽 그립),premium-leather-grap,
액세서리,그립,Grip Band (그립밴드),grip-band,
액세서리,기타 용품,Power Cushion+ Insole (파워 쿠션+ 인솔),power-cushion-insole,
액세서리,기타 용품,Cushion Wrap (쿠션랩),cushion-wrap,
액세서리,기타 용품,Grip Powder (그립 파우더),grip-powder,
액세서리,기타 용품,Vibration Stopper (2EA) (바이브레이션 스토퍼 (2개입)),vibration-stopper-2ea,
액세서리,기타 용품,Vibration Stopper (1EA) (바이브레이션 스토퍼 (1개입)),vibration-stopper-1ea,
액세서리,기타 용품,"Ball Holder (볼 홀더 (테니스, 정구용))",ball-holder,
액세서리,기타 용품,Stencil Ink (스텐실 잉크),stencil-ink,
액세서리,기타 용품,Stencil Card (Badminton) (스텐실 카드 (배드민턴용)),stencil-card-badminton,
액세서리,기타 용품,Stencil Card (Tennis) (스텐실 카드 (테니스용)),stencil-card-tennis,
액세서리,기타 용품,Badminton Awl (배드민턴용 송곳),badminton-awl,
액세서리,기타 용품,Stringing Kit (스트링 키트),stringing-kit,
액세서리,기타 용품,String Clamp (스트링 고정 집게),string-clamp,
액세서리,기타 용품,Badminton Net Pole (Movable) (배드민턴 네트 폴 (이동식)),badminton-net-pole-1,
액세서리,기타 용품,Badminton Net Pole (Movable) II (배드민턴 네트 폴 (이동식) II),badminton-net-pole-2,
액세서리,기타 용품,Court Mat (코트매트),court-mat,
액세서리,기타 용품,Score Board (스코어 보드 (배드민턴용)),score-board,
액세서리,기타 용품,Badminton Net (배드민턴 네트),badminton-net-1,
액세서리,기타 용품,Badminton Net II (배드민턴 네트 II),badminton-net-2,
액세서리,기타 용품,Edge Guard (엣지가드),edge-guard,
액세서리,기타 용품,Tennis Ball Bag (테니스 볼 백),tennis-ball-bag,
액세서리,기타 용품,Tennis Ball Cart (테니스 볼 카트),tennis-ball-cart,
액세서리,기타 용품,Racquet Stand (라켓 거치대),racquet-stand,
머신,스트링 머신,Precision 9.0 (프리시전 9.0),precision-9-0,
머신,스트링 머신,Precision 8.0 (프리시전 8.0),precision-8-0,
머신,스트링 머신,Precision 5.2 (프리시전 5.2),precision-5-2,
머신,스트링 머신,Precision 3.2 (프리시전 3.2),precision-3-2,
머신,스트링 머신,Precision Scan (프리시전 스캔),precision-scan,
